sample,pca_0,pca_1,pca_2,pca_3,class
677,0.639418284553624,2.6814144553304216,2.2426254677064814,2.7004552529374157,0
184,7.268155069671714,0.7254478793996844,2.0923222558239893,3.5208009638614266,1
503,0.6079109042206485,2.206117943978122,2.334941580128455,2.7419367732306434,0
340,0.2923854181980272,2.2586103795452432,2.9033636341681155,2.9263815714185575,0
466,1.3028516654823834,2.0394820526905826,2.021773237769352,2.4544328619715996,0
609,1.0452098121190134,2.055581106090827,2.218575620282138,2.7546802662857015,0
177,6.044371511606286,0.8210134926030068,3.5096424487225675,2.7217648416280005,1
611,0.6261483379505179,2.0150029971543257,2.5084843457158863,2.3461294588158186,0
157,0.64769522748032,2.0656747132326987,2.376059797348231,2.8446020380735755,0
378,0.5065563736727823,2.158778798721219,2.2890809250101154,2.8499281418844187,0
612,0.2583320421278672,2.3017986746217516,2.509243407251,2.8934809604623313,0
531,6.953531440567067,0.5974350960102466,3.5296755284229304,2.6712095504124713,1
384,0.7407234971243248,2.154689058791903,2.3395630177438114,3.0532052910945153,0
554,6.625792202538387,0.6021327762598421,2.356517252858461,2.4968444858078955,1
419,4.5339657929841675,1.193968356212508,2.2636397201985874,2.677640058451748,0
492,0.4271087862574776,2.1366177069331944,2.8158154656786647,2.5211940489945164,0
452,5.063599688862864,1.3376752805561831,2.605881091732502,2.3340612853911304,1
233,1.5175358756446307,1.9179716340859811,2.02824232130212,2.683280010339366,0
329,0.15124656439048945,2.3517144650337634,2.8163847618299997,2.9317076752294007,0
558,0.2923854181980272,2.2586103795452432,2.9033636341681155,2.9263815714185575,0
84,3.444684050029865,1.5030319713315627,3.1011509637604457,2.7790872532768023,1
56,2.9536335912655964,1.359783056749478,2.075980911250009,2.479277048901787,1
311,0.9769991020377815,2.1382365338627283,2.3723274545345148,3.2486902087024454,0
116,0.6376478410827939,2.356223118017817,2.8949428432643227,3.0425277842849745,0
50,4.176088803201733,1.8465786240821214,0.8020971588635069,3.5522061441213686,1
562,0.2923854181980272,2.2586103795452432,2.9033636341681155,2.9263815714185575,0
364,1.1161916840503583,2.1893012307105293,2.8046846349500574,2.66232513826609,0
477,0.46239528701967036,2.0349097624503236,1.9424707643301753,2.6194534971779344,0
175,0.15124656439048945,2.3517144650337634,2.8163847618299997,2.9317076752294007,0
671,0.7264240775034048,2.181032014740096,2.377035740930988,3.1232062602143706,0
264,3.061069059124229,0.9629863079108281,2.8739461878414034,1.9805009570194505,1
194,6.139407325711327,1.7639745469297419,1.7607169063172066,2.660918248900361,1
210,0.2923854181980272,2.2586103795452432,2.9033636341681155,2.9263815714185575,0
140,0.5190628602131404,2.064918787566338,2.8156257002948863,2.384356173582888,0
53,4.10245064120855,1.3826590156733025,0.7886994710341879,3.3804477693865165,1
135,0.36541751986524473,2.2518828842097394,2.2021020526719997,2.855254245695262,0
616,0.15124656439048945,2.3517144650337634,2.8163847618299997,2.9317076752294007,0
678,0.608618158211397,2.254137210701766,2.2413810933891614,2.910664300223049,0
596,5.853529529805858,1.1461583616802802,3.7448956447090325,3.307865798776259,1
213,1.2216351666887437,1.8607690761194355,1.4322097912717644,2.8476136106582763,0
561,0.7207273291475373,2.0589472178971944,1.6747982158521153,2.77347471235028,0
613,0.47250299760262227,2.201967093797727,1.8949606980929996,2.8170275309281925,0
207,8.23419877733057,2.187538641766455,2.280150156498848,2.6466278143214295,1
295,0.43352427200556476,2.1655062940567227,2.990342506506231,2.9210554676077143,0
226,2.932087580509797,1.5992818144665417,1.3063097145366493,3.2634853092317404,0
422,0.47250299760262227,2.201967093797727,1.8949606980929996,2.8170275309281925,0
267,0.5065563736727823,2.158778798721219,2.2890809250101154,2.8499281418844187,0
160,6.044339019069302,2.540825930187141,3.273380880609743,3.102023348592368,1
173,3.0278924179012687,1.4944032652017571,2.196632848599415,2.2122406847534477,1
548,0.5065563736727823,2.158778798721219,2.2890809250101154,2.8499281418844187,0
447,0.9189772157918943,2.0657638983876954,1.5687829861873765,2.3962474395789073,0
460,0.36541751986524473,2.2518828842097394,2.2021020526719997,2.855254245695262,0
15,3.394893427301146,1.8528715351621994,1.8759099860446575,3.7062924829094817,1
94,0.37448367348512535,2.2836128673287477,2.6532959058771883,2.721317629554758,0
541,0.9362074206486832,1.9240126838679403,1.7746736219808907,2.534547399991367,0
455,0.35530980928229283,2.084825552862336,2.2496121189091753,2.657680211945004,0
363,0.14113885380753777,2.18465713368636,2.8638948280671754,2.7341336414791426,0
59,0.38433949215368957,2.186911460178387,2.9031738687843367,2.7895436960069295,0
52,5.09606514582849,1.0235639180053482,1.5108996311119323,2.3924522106302453,1
247,3.910641990942718,1.2919291781920852,2.179404918384108,3.0595552970712956,1
258,4.8521067416837464,1.2854975283174883,0.6828917682605684,2.2058466523166693,1
529,0.768306033288954,2.135350515963001,2.717848835875838,2.833683242629824,0
278,0.6578029380632717,2.2327320445801018,2.328549731111055,3.042176071823834,0
533,0.2141709554747555,2.177929638350856,2.16263324657106,2.663006315755847,0
469,0.7059302283381452,2.1244721704471017,1.5766063723442665,2.837646674604078,0
633,0.5065563736727823,2.158778798721219,2.2890809250101154,2.8499281418844187,0
18,4.88558243470484,1.3007100471561324,1.035836228829689,1.4672580595110056,1
525,0.8126814031032001,1.9872482985303381,1.6746084504683367,2.636636836938652,0
266,0.7576290793956313,2.076801321242137,2.420037205308667,2.9812410972385512,0
252,5.350818370357446,1.5863987061848115,1.5888784915517324,0.35712749153616397,1
657,1.1056433358010975,2.167992720428477,1.629084547991726,3.1631707846337345,0
11,0.3994708959354045,2.208694589133231,2.5962222795891154,2.888154856651488,0
341,0.8748222677159605,2.1939428621775283,2.0653857844924914,3.1405884162217403,0
676,0.36541751986524473,2.2518828842097394,2.2021020526719997,2.855254245695262,0
197,0.8618661829550751,1.9658431324086743,1.7617770881902306,2.7681486085394367,0
576,4.6206559798516835,0.9841541933021662,4.007236810035332,2.4564854708966717,1
433,0.0,2.2777612191748804,2.77691595572906,2.739459745289986,0
220,5.71597694858966,0.5614752231318711,1.4809120723703781,2.899589488259347,1
189,0.7547807052176976,2.0157589228206865,2.068918442769231,2.806375323306506,0
236,1.0836182754432913,1.6925024456122566,3.1635411896473484,2.363051758339515,0
68,0.9734108351438284,2.003788952019968,1.652372273512649,2.891166429236189,0
481,0.0,2.2777612191748804,2.77691595572906,2.739459745289986,0
321,0.15124656439048945,2.3517144650337634,2.8163847618299997,2.9317076752294007,0
470,0.4162114106258423,2.09799176585516,3.0646414222138803,2.121457332651583,0
222,0.28227770761507553,2.0915530481978397,2.950873700405291,2.728807537668299,0
453,0.47250299760262227,2.201967093797727,1.8949606980929996,2.8170275309281925,0
631,0.3835498271050064,2.315342850447756,3.104489759082377,2.5873810134142543,0
1,3.771951121455963,1.500316023606704,2.563475773516695,2.3222849605307676,0
376,0.4085370495552856,2.2404245722522393,3.0474161327943037,2.7542182405109843,0
375,1.073861819409001,2.0723281523986596,1.7580546645297128,2.965523826043043,0
391,0.2923854181980272,2.2586103795452432,2.9033636341681155,2.9263815714185575,0
584,0.9316004414801782,1.980144310772238,1.5212163086771202,2.8297285515956925,0
46,0.9870839679322143,1.979387308234679,2.357023440021608,2.4620486614913597,0
512,0.7547807052176976,2.0157589228206865,2.068918442769231,2.806375323306506,0
432,0.5795884753399998,2.152051303385715,1.5878193435139996,2.778800816161123,0
9,0.7378751229463911,2.0936466603704527,1.988444255204375,2.87833951716247,0
610,5.17814789353308,2.4799245410429234,3.336851231385238,3.5217761766079994,1
369,0.2583320421278672,2.3017986746217516,2.509243407251,2.8934809604623313,0
32,0.6567613811002007,2.097404696351707,2.82725365055342,2.7106654219330717,0
22,0.5065563736727823,2.158778798721219,2.2890809250101154,2.8499281418844187,0
86,0.7547807052176976,2.0157589228206865,2.068918442769231,2.806375323306506,0
396,0.2923854181980272,2.2586103795452432,2.9033636341681155,2.9263815714185575,0
216,1.0625148455568383,1.7117424703968906,2.2298167000474387,1.7277753337162751,1
180,5.046986079252861,1.2683483674059146,4.51892316215484,3.56603796152927,1
682,4.961495359389698,0.886209367366114,3.431133313413556,3.205888448144082,1
113,0.5190628602131404,2.064918787566338,2.8156257002948863,2.384356173582888,0
348,1.243532674899464,2.120491970827905,2.362930720047965,3.0862321994280677,0
526,0.36541751986524473,2.2518828842097394,2.2021020526719997,2.855254245695262,0
408,0.9734108351438284,2.003788952019968,1.652372273512649,2.891166429236189,0
269,0.43352427200556476,2.1655062940567227,2.990342506506231,2.9210554676077143,0
425,5.186093345496983,0.30267222401450766,2.2057127450259237,0.4608232980554767,1
272,0.6567613811002007,2.097404696351707,2.82725365055342,2.7106654219330717,0
423,0.9574897663134301,2.1104372133344933,2.1606397530059107,2.590392585998955,0
473,3.358207794418988,1.7071185402395408,3.842438294555719,2.13334944207097,1
675,4.722897763350602,1.3093271281304895,2.592702152012916,3.4505862532182228,1
519,0.3994708959354045,2.208694589133231,2.5962222795891154,2.888154856651488,0
534,5.032527047445093,1.6844403913496537,2.7223966603013623,2.865714008958385,1
647,0.5450689241943183,2.2034521136680167,2.8809376918286493,3.0440732883044666,0
38,3.683531128786006,1.5009047887445273,3.6554606992284775,3.395962456796312,1
551,0.7740369804784655,2.0380955802940854,2.364846826178498,2.9034478965165302,0
361,0.15124656439048945,2.3517144650337634,2.8163847618299997,2.9317076752294007,0
254,6.02736317238753,0.7164302176003721,2.0007954193110797,3.3545838794000398,1
532,0.10708547773737775,2.227845428762868,2.46977460115006,2.7012330305229164,0
35,6.655681553874301,1.12310962146972,2.1366520778881175,4.336700928767005,1
627,0.15124656439048945,2.3517144650337634,2.8163847618299997,2.9317076752294007,0
256,5.656043148172067,2.827415590019338,2.9467379953746047,3.0798553180332915,1
71,5.5568883430988265,1.081847009264251,2.3553343911616973,1.9896676266071749,1
474,1.9120075968280767,1.6236679154503344,1.5823105142757377,2.6984521321992507,1
368,1.1243557352872664,2.015820033071766,2.5593814175383827,2.9345617148190533,0
287,4.484408235673827,1.3672669814848046,1.8848153953947597,1.615282985349903,1
506,0.6237495619931117,2.27592033965661,1.9344295041939394,3.0092754608676078,0
650,1.079177042112477,2.6137056718245466,1.680708098440081,2.582648544794622,0
445,0.8118917380545165,2.1156796887997076,1.8759243407663766,2.434474154345977,0
13,0.6174324199168901,2.02210845532301,2.989962975738674,2.647379716784458,0
347,5.177279222938543,2.7421185582540444,3.8994072143188836,1.090946553787723,1
399,4.379835149650743,0.8041326525703585,1.472943980787255,2.670010821353022,1
305,0.8872639651770333,2.387366031633372,3.1087489248090505,3.4977992574259593,0
87,0.6668690916831523,2.2644620276991105,2.779743584316244,2.90823945568333,0
104,5.4342557313606665,0.46540984161105414,1.2773342119944002,1.2643602722282576,1
428,0.24320063834615224,2.2800155456669073,2.8161949964462214,2.7948697998177727,0
73,0.902892804682222,1.9842507642721712,3.109896050251271,2.974376405993173,0
289,0.43352427200556476,2.1655062940567227,2.990342506506231,2.9210554676077143,0
234,0.7287519258043473,1.955349852787808,2.6246959884996683,2.308027446319014,0
626,0.5065563736727823,2.158778798721219,2.2890809250101154,2.8499281418844187,0
332,1.317429399452747,2.187276477093104,1.8545871777655272,3.197647482010992,0
16,0.6136418514101598,2.1088630083092066,1.9819395704311153,2.8117014271173493,0
6,1.2611109376065297,1.5202160197550154,2.9886346180522256,1.689514588903061,0
509,0.5065563736727823,2.158778798721219,2.2890809250101154,2.8499281418844187,0
225,6.0279333753565965,1.5112435207313357,2.9059057292981496,3.5889460083104967,1
413,0.2923854181980272,2.2586103795452432,2.9033636341681155,2.9263815714185575,0
556,6.246818729478655,0.9617879735915478,2.564286422891606,2.8748741034946805,1
263,0.8618661829550751,1.9658431324086743,1.7617770881902306,2.7681486085394367,0
680,6.117446483499089,1.9279352817386108,2.988707583642361,5.294389506474349,1
619,0.744442778859681,2.1691454853938996,2.1684631391628004,3.0317918210241257,0
624,0.704806260317139,2.16559547921172,2.183065695345377,2.472700869113046,0
214,0.5496759033628233,2.1473204867637192,3.1343950051324194,2.748892136700141,0
339,6.471464727484932,2.900699657334937,4.412852913836287,2.6318665145901763,1
100,0.881122458215843,1.988179789882073,2.0577054715994976,2.8652211817494604,0
592,0.15124656439048945,2.3517144650337634,2.8163847618299997,2.9317076752294007,0
424,0.5795884753399998,2.152051303385715,1.5878193435139996,2.778800816161123,0
131,0.6164902255880935,2.169905406730657,2.3330583329705514,2.9865672010493944,0
646,0.5450689241943183,2.2034521136680167,2.8809376918286493,3.0440732883044666,0
600,0.8663253574064509,2.05370474243198,1.959513628091649,2.9293931440032583,0
259,3.061069059124229,0.9629863079108281,2.8739461878414034,1.9805009570194505,1
245,6.125491505625463,2.006119594942145,2.13437799348686,3.5620887253818805,1
660,0.41872717119617264,2.23103124660663,2.8921506629983824,2.9852274298615122,0
306,3.612186345337986,1.491669238342476,3.079937547600357,3.1399510972457385,0
362,0.2923854181980272,2.2586103795452432,2.9033636341681155,2.9263815714185575,0
389,0.6412797417322329,2.03678612610917,2.2015327565206646,2.4447406194603776,0
299,0.15124656439048945,2.3517144650337634,2.8163847618299997,2.9317076752294007,0
293,5.512476819724065,2.643117583411097,1.0037817145583134,2.6378170944440282,1
446,0.7332338156878957,1.9650872067423137,2.2013429911368863,2.3079027440487496,0
520,0.8023594093591142,2.0921622208864927,3.1119690627929533,2.86658385358605,0
365,1.7918511138029536,2.0005795294330926,1.820085156429431,3.462458223837372,0
574,0.5795884753399998,2.152051303385715,1.5878193435139996,2.778800816161123,0
146,0.28227770761507553,2.0915530481978397,2.950873700405291,2.728807537668299,0
192,0.15124656439048945,2.3517144650337634,2.8163847618299997,2.9317076752294007,0
630,0.40182158892486664,2.308918984156396,2.8116764754335266,3.057191623717476,0
475,0.15124656439048945,2.3517144650337634,2.8163847618299997,2.9317076752294007,0
191,1.2103210770268504,1.911285710529663,2.1939345840687965,2.251658615816717,0
109,3.6049897803740887,1.2691733907188185,1.2442308272952998,2.3009106145027696,1
661,0.5795884753399998,2.152051303385715,1.5878193435139996,2.778800816161123,0
538,1.6133616257204926,2.2714748106961085,1.9430261347424143,2.37363716510215,0
669,0.15124656439048945,2.3517144650337634,2.8163847618299997,2.9317076752294007,0
511,0.47250299760262227,2.201967093797727,1.8949606980929996,2.8170275309281925,0
108,1.5251038427174883,2.4038695731703936,3.3626717125886305,2.8584834631400162,0
593,7.187937243357439,0.7116186330250502,3.9387696649779906,2.6171940008987193,1
591,0.5886546289598806,2.1837812865047233,2.0390131967191882,2.6448642000206193,0
274,3.7314342282880477,0.7234742425794138,0.44972418590944185,2.1022436290578366,1
99,2.1829692955579754,1.7986778271312003,3.1829008018116327,2.680683354361264,1
322,4.244194528458647,1.153440808880541,2.65333202603784,1.58958653004076,1
665,6.390156669315052,1.834323938579951,3.394038591876687,1.8745864582473177,1
502,0.14113885380753777,2.18465713368636,2.8638948280671754,2.7341336414791426,0
638,0.64769522748032,2.0656747132326987,2.376059797348231,2.8446020380735755,0
47,4.668442709288221,1.8223724799137317,1.60879749698769,3.572704886276557,1
271,0.64769522748032,2.0656747132326987,2.376059797348231,2.8446020380735755,0
434,6.5587331150968495,0.8117530839923874,3.7063272871395023,3.1741725544843575,1
552,0.7975499993214852,1.9654651695754939,1.9815600396635584,2.538025676294093,0
298,0.550717460325894,2.282647834992114,2.6356910856900555,3.0804027865909034,0
334,3.1183923803008677,2.0177289585590894,3.8647686600182,2.521605813517839,1
120,6.574048837740877,2.1405710959889035,0.8107924426965081,3.80432993381412,1
367,5.714659497767501,2.2700882396682522,1.550050986865494,1.8067858605223615,1
498,0.35530980928229283,2.084825552862336,2.2496121189091753,2.657680211945004,0
0,0.8618661829550751,1.9658431324086743,1.7617770881902306,2.7681486085394367,0
517,0.28227770761507553,2.0915530481978397,2.950873700405291,2.728807537668299,0
78,1.2044936251169807,1.626425434954379,2.9869395487822805,2.794760356145932,0
514,0.46239528701967036,2.0349097624503236,1.9424707643301753,2.6194534971779344,0
114,1.8861605911069361,1.669932488060485,0.8747240942369416,2.9042375449677267,0
483,0.6136418514101598,2.1088630083092066,1.9819395704311153,2.8117014271173493,0
121,3.8529112014097198,1.4595681506701406,2.226952081806555,3.3213808340415985,1
383,0.47250299760262227,2.201967093797727,1.8949606980929996,2.8170275309281925,0
518,0.5065563736727823,2.158778798721219,2.2890809250101154,2.8499281418844187,0
622,0.47250299760262227,2.201967093797727,1.8949606980929996,2.8170275309281925,0
374,0.5094047478507158,2.2198211971426693,2.640199687549552,3.024793915816464,0
331,0.15124656439048945,2.3517144650337634,2.8163847618299997,2.9317076752294007,0
497,0.5795884753399998,2.152051303385715,1.5878193435139996,2.778800816161123,0
563,0.2923854181980272,2.2586103795452432,2.9033636341681155,2.9263815714185575,0
253,7.804447621028327,2.930537528681068,3.396624881060882,3.3911510645658787,1
448,0.5824368495179335,2.2130937018071655,1.9389381060534359,2.9536665900931682,0
200,5.32221482760407,1.4497893546696574,0.855508306960411,4.263642435549132,1
564,0.43352427200556476,2.1655062940567227,2.990342506506231,2.9210554676077143,0
198,0.43352427200556476,2.1655062940567227,2.990342506506231,2.9210554676077143,0
122,5.86873388144094,1.3952818295947114,3.6953753621568883,3.9571414559808344,1
27,0.3994708959354045,2.208694589133231,2.5962222795891154,2.888154856651488,0
75,1.0853455035772588,2.0103287147266826,1.8318600840248234,2.7345875615329485,0
395,0.6328981266709277,2.1311996657826056,2.2778679538403823,2.9087740003273734,0
648,0.738859636387299,2.1224071841352115,2.5771859222624927,2.5056014800692723,0
208,7.214307940887457,0.0,2.346668289178592,1.763520213312346,1
436,0.5795884753399998,2.152051303385715,1.5878193435139996,2.778800816161123,0
540,1.9139230655048767,1.970108397520727,2.47674854037692,3.8907988137407346,0
559,5.000119254093864,1.1632378630743534,1.189462747648468,4.16505616812132,1
3,3.809688730182436,1.5419751116700358,1.7244416865481398,4.209878191883279,0
148,6.345951804120476,0.7910639407572007,1.8352537571986494,3.7681275713358753,1
418,0.8482958071141382,2.1727157887463644,2.4854987635279038,2.6364115323681907,0
658,0.2923854181980272,2.2586103795452432,2.9033636341681155,2.9263815714185575,0
457,0.5354273886868879,2.0281822671148197,1.2412091828340597,2.548326171454639,0
206,0.43352427200556476,2.1655062940567227,2.990342506506231,2.9210554676077143,0
387,0.36541751986524473,2.2518828842097394,2.2021020526719997,2.855254245695262,0
438,5.650290234163569,0.7828301070310044,4.087336677645838,2.423170270272754,1
577,3.6093639829368884,0.865909742551906,0.9063905558223548,1.1535564139168204,1
275,4.729454187135418,1.501605348750466,2.6783075462741888,1.1529825512474932,1
442,6.410518747056132,0.9988452439945581,2.678589013286065,4.417670082303127,1
326,3.840254961118389,0.6685996423852822,0.7827483832029214,2.258332933557093,1
542,0.8118917380545165,2.1156796887997076,1.8759243407663766,2.434474154345977,0
155,5.6052677016802175,1.3846904701691332,1.1380433577789846,2.8183409024445787,1
618,0.36541751986524473,2.2518828842097394,2.2021020526719997,2.855254245695262,0
190,4.7206260772325,1.5607846356063395,2.089539067439656,2.690431703445677,0
248,0.36541751986524473,2.2518828842097394,2.2021020526719997,2.855254245695262,0
566,5.610716927605894,0.7840633652222266,3.0606746004761556,2.7072279527890077,1
370,0.2583320421278672,2.3017986746217516,2.509243407251,2.8934809604623313,0
126,3.9669908869187847,1.961835442570043,1.3568403728705136,2.3952156109907228,1
19,0.9689516606924526,1.915927341996662,1.4546357336112306,2.7299218937723673,0
85,5.221332212302405,2.181183048474699,3.6653469464757538,2.5979573619179717,1
356,1.1396967118712578,2.1248044253519685,2.0232047749088418,3.1960713955899602,0
327,0.43352427200556476,2.1655062940567227,2.990342506506231,2.9210554676077143,0
412,4.5951957253183915,1.5036968091356322,1.5934450966691047,4.7598119920323585,1
411,1.4597637834031905,1.9837229428151406,1.5447638572118536,3.2063062884661373,0
430,0.2583320421278672,2.3017986746217516,2.509243407251,2.8934809604623313,0
599,0.24822433154491508,2.134741343274348,2.556753473488176,2.695906926712073,0
344,5.618501285717337,2.8133899002509515,1.768256469815091,4.812721650782525,1
500,5.763886216256249,0.6571374795090374,3.9135675072960554,2.708177684450501,1
125,0.64769522748032,2.0656747132326987,2.376059797348231,2.8446020380735755,0
21,5.342567716257874,1.1020532396183955,1.3957909600591913,3.891035751370545,1
72,3.2002516482520296,2.472699450825161,0.21492082895510256,2.706170645234057,1
139,3.9380028901173425,2.375971883371248,1.1067373444853892,2.4068381455581602,1
485,0.9689516606924526,1.915927341996662,1.4546357336112306,2.7299218937723673,0
486,0.6136418514101598,2.1088630083092066,1.9819395704311153,2.8117014271173493,0
313,0.2923854181980272,2.2586103795452432,2.9033636341681155,2.9263815714185575,0
549,0.8647145571330088,2.026885530830125,2.112895850729667,2.943014382471482,0
151,3.4237576678703294,1.1323951439913622,2.5009673533822148,1.3699747991886333,1
544,0.7207273291475373,2.0589472178971944,1.6747982158521153,2.77347471235028,0
7,0.6669515027410879,2.088011370706097,2.671988180757498,2.941674611283599,0
628,0.2583320421278672,2.3017986746217516,2.509243407251,2.8934809604623313,0
480,0.35530980928229283,2.084825552862336,2.2496121189091753,2.657680211945004,0
205,6.169005923673755,0.6991514103548535,2.5181610712382674,2.685149639135899,1
171,5.794230249436481,2.9472342794059707,2.721163846192877,5.626818609722546,1
58,3.546004496796307,1.6899414693262944,2.828009386877997,3.591152506561301,1
31,5.568423456466098,2.2862782734769147,1.108916167865796,3.6813951261649205,1
112,1.206411671462254,1.8642650456828644,2.377476664957461,2.7630483257835152,0
345,3.908012258326178,2.2544950057515454,0.7477142270741297,2.0480157920789726,1
569,1.3115931965167815,2.1350755127795793,2.347550642745882,2.1102320915626724,0
490,0.6138840629377074,2.221450188332231,2.2151114222185195,2.9885304257855037,0
261,0.43352427200556476,2.1655062940567227,2.990342506506231,2.9210554676077143,0
60,5.618902051358156,1.4930073901862673,0.8932139993479127,4.5979937158277115,1
65,4.245033706095904,1.6470110171539047,2.41505062840079,4.0876954343993415,1
394,1.1235237511264717,1.9676939481687292,2.828860283546428,2.7659495850546394,0
288,5.289820166304165,1.1100241554849033,2.157240809797099,3.876771487615243,1
338,3.3890144000439806,2.062234868195351,3.142657376118894,4.301006171053464,0
291,0.43352427200556476,2.1655062940567227,2.990342506506231,2.9210554676077143,0
535,0.5065563736727823,2.158778798721219,2.2890809250101154,2.8499281418844187,0
228,1.723419347517974,2.1372491703226526,2.6372120416281386,3.9121673023710652,0
635,0.6489219524487753,2.2070224170204815,3.1979733161937522,2.648692999648532,0
349,1.6654267042818747,1.8188929196503882,2.1114876791003274,2.7423141908507453,0
186,0.7207273291475373,2.0589472178971944,1.6747982158521153,2.77347471235028,0
39,3.353845484513463,1.8338421099616904,0.6526384941613839,3.19429823712189,1
565,0.8470690821456828,2.031368084958581,1.663585244682382,2.8323205707932346,0
398,0.9882079359532205,1.938263999470061,1.7505641170204975,2.8269944669823914,0
417,0.8306611810628486,2.070073825906633,1.7187756238125513,2.9101137715152556,0
668,0.15124656439048945,2.3517144650337634,2.8163847618299997,2.9317076752294007,0
182,6.089545025862593,0.8744012935470011,4.104891422018538,2.678356407572557,1
137,0.36541751986524473,2.2518828842097394,2.2021020526719997,2.855254245695262,0
172,0.7547807052176976,2.0157589228206865,2.068918442769231,2.806375323306506,0
64,0.7547807052176976,2.0157589228206865,2.068918442769231,2.806375323306506,0
388,1.2218773782162913,1.97335625614246,1.6653816430591686,3.0244426093264307,0
642,5.44601841721262,1.5699728925159948,2.315594266366614,1.3141987502387433,1
489,0.15124656439048945,2.3517144650337634,2.8163847618299997,2.9317076752294007,0
176,0.9689516606924526,1.915927341996662,1.4546357336112306,2.7299218937723673,0
54,4.928785586467892,1.235407946376441,1.1883176897505083,4.383995026831986,1
543,0.3994708959354045,2.208694589133231,2.5962222795891154,2.888154856651488,0
435,0.6946985497341871,1.998538147864316,2.2305757615825526,2.275126835362788,0
539,0.36541751986524473,2.2518828842097394,2.2021020526719997,2.855254245695262,0
382,0.64769522748032,2.0656747132326987,2.376059797348231,2.8446020380735755,0
242,0.40182158892486664,2.308918984156396,2.8116764754335266,3.057191623717476,0
336,0.8118917380545165,2.1156796887997076,1.8759243407663766,2.434474154345977,0
81,1.3042047166661337,1.6215594519117609,2.723785521316915,2.6864597474185743,0
310,0.43352427200556476,2.1655062940567227,2.990342506506231,2.9210554676077143,0
4,0.9870839679322143,1.979387308234679,2.357023440021608,2.4620486614913597,0
555,5.579396385956405,0.8858891904474282,2.011390487584583,2.9452140982930555,1
527,0.8280550184124624,2.1216186075082066,1.6008287130605192,2.912076996251365,0
571,7.893612086245415,0.3661977504384273,3.2552670484811568,2.963273669324633,1
450,6.672994186720965,2.1460752911944994,1.8720391616918528,3.7570402115904766,1
5,7.341614978367916,0.5362468723435228,2.7877197611102953,3.0952571873951102,1
156,0.8647145571330088,2.026885530830125,2.112895850729667,2.943014382471482,0
465,0.42834191094951035,2.078098057526832,1.5483505374130597,2.586552886221708,0
149,0.6564111455139476,2.0585692550640142,1.894581167325443,2.5433517801049366,0
402,0.2923854181980272,2.2586103795452432,2.9033636341681155,2.9263815714185575,0
615,0.7207273291475373,2.0589472178971944,1.6747982158521153,2.77347471235028,0
23,0.43352427200556476,2.1655062940567227,2.990342506506231,2.9210554676077143,0
620,7.085838240562424,2.149990016395246,2.334784035527656,4.17945235702684,1
303,3.6226508288604347,1.2821939954114998,2.178628659338328,2.7110759972168648,1
312,2.836959500603937,0.9181455590981806,0.5302523953987641,1.7447391258726774,1
297,1.2977892309180465,1.5926708647882322,2.5492584804893483,2.2865983288053764,0
654,5.3286817906332775,1.0168829171840952,3.972617397522632,2.599768106972779,1
309,3.8803649641783258,0.8802317984720847,3.1069697581811515,0.4759552102059166,1
243,4.789839226268766,1.660231556038012,1.6757117012773375,0.1361361561097616,1
621,1.4411577186110076,1.902838727601749,2.2427205735637745,2.573712555264559,0
350,0.5406097497429423,2.1155905036447105,2.683201151927231,2.882828752840645,0
133,1.1736879607413604,1.9163974290606947,1.8495421387273248,2.9045888514577602,0
90,0.7547807052176976,2.0157589228206865,2.068918442769231,2.806375323306506,0
670,0.15124656439048945,2.3517144650337634,2.8163847618299997,2.9317076752294007,0
536,0.43352427200556476,2.1655062940567227,2.990342506506231,2.9210554676077143,0
528,0.6136418514101598,2.1088630083092066,1.9819395704311153,2.8117014271173493,0
662,0.15124656439048945,2.3517144650337634,2.8163847618299997,2.9317076752294007,0
656,0.5406097497429423,2.1155905036447105,2.683201151927231,2.882828752840645,0
178,4.321043406444119,0.8487526334070543,1.506661241546795,1.9733390775534962,1
681,4.569327287520618,0.9795523300631945,3.3581825323305443,3.4782281259679113,1
262,4.305038904959561,1.645283411966582,1.135713975781401,3.1108045206388826,1
400,2.3781518003002806,1.8917956871144828,3.313117596031088,2.6410358378449676,0
437,0.5977207825797615,2.2155112696237316,2.490207049924377,2.5109275838801155,0
588,4.676928247111775,1.4375233092084303,3.643222422581048,3.644765727845955,1
488,0.7547807052176976,2.0157589228206865,2.068918442769231,2.806375323306506,0
215,6.503585421839983,1.0089240789761773,1.7447722889308395,4.246653868873801,1
211,0.43352427200556476,2.1655062940567227,2.990342506506231,2.9210554676077143,0
129,0.5406097497429423,2.1155905036447105,2.683201151927231,2.882828752840645,0
516,0.8642168759445368,2.0660675274318394,1.977231284034642,2.9371853756054245,0
567,5.599925664982509,0.9193638826568515,2.778499018802538,3.2431230165464084,1
183,0.8104410495380874,2.0951316802407423,2.9744212489400246,3.105385274538744,0
119,0.9709680507095917,1.9288436555150759,2.0752333621587122,2.7361755379399986,0
17,0.7547807052176976,2.0157589228206865,2.068918442769231,2.806375323306506,0
70,1.7253152195770394,1.7004397910643416,3.5168713296523713,3.1151946775978945,0
118,0.6760176563609688,2.119741353825106,3.1231820339626863,2.8077379951430954,0
441,5.87357824820319,0.5692473337288966,1.9935892762074896,1.9422132902327538,1
645,0.7547807052176976,2.0157589228206865,2.068918442769231,2.806375323306506,0
360,0.6328981266709277,2.1311996657826056,2.2778679538403823,2.9087740003273734,0
377,5.796291345000325,0.5349770189452463,1.373978448251102,2.9125819322661375,1
602,0.6136418514101598,2.1088630083092066,1.9819395704311153,2.8117014271173493,0
487,0.7297934827674182,2.090677201016203,2.125992069057304,2.639538096209776,0
105,5.661394453939911,1.4116790360868077,4.913774760410577,2.8478257970658456,1
663,0.2583320421278672,2.3017986746217516,2.509243407251,2.8934809604623313,0
546,0.8618661829550751,1.9658431324086743,1.7617770881902306,2.7681486085394367,0
505,0.3024931287809789,2.4256677108926468,2.85585356793094,3.123955605168816,0
380,0.6693021957305496,2.188235765729263,2.887442376601909,3.1107113783495874,0
530,0.7207273291475373,2.0589472178971944,1.6747982158521153,2.77347471235028,0
218,5.536073197990699,1.12204837066193,1.6185398762195322,2.1011763944827164,1
162,0.64769522748032,2.0656747132326987,2.376059797348231,2.8446020380735755,0
168,4.06036067132679,0.724490782937018,1.5588795941804439,1.6502810953151625,1
40,6.125491505625463,2.006119594942145,2.13437799348686,3.5620887253818805,1
461,0.5988447506007677,2.174387960859114,1.8837477269232665,2.8758733893711472,0
625,0.5065563736727823,2.158778798721219,2.2890809250101154,2.8499281418844187,0
495,0.15124656439048945,2.3517144650337634,2.8163847618299997,2.9317076752294007,0
353,6.903405153720646,1.7590623217657613,3.879770219626665,2.3464444164379556,1
279,3.1636269661452503,1.6358111914776816,2.0801427582586878,3.9038572937536893,1
614,1.0635907306098997,2.0317608991577223,1.264756731368793,2.9249039083250836,0
459,0.5795884753399998,2.152051303385715,1.5878193435139996,2.778800816161123,0
390,0.617716950556549,2.3112531105184404,3.154971851816073,2.790658162624351,0
76,0.8316033753916454,1.9222768744989858,2.375680266580674,2.570926287250319,0
